#,선수명,팀명,경기,타석,타수,안타,홈런,득점,타점,볼넷,삼진,도루,BABIP,타율,출루율,장타율,OPS,wOBA,WAR,OPS+,wRAA:공격공헌도 Woba scale은 1.15임,wRC:득점창출력,BB/K
1,로하스,KT,142,628,550,192,47,116,135,65,132,0,0.383,0.349,0.417,0.68,1.097,0.457,8.76,137.9970311,68.52954435,150.9738083,0.492424242
2,양의지,NC,130,528,461,151,33,86,124,46,47,5,0.305,0.328,0.4,0.603,1.003,0.423,6.92,132.1785799,61.33982609,130.6560225,0.978723404
3,김하성,Hero,138,622,533,163,30,111,109,75,68,23,0.304,0.306,0.397,0.523,0.92,0.401,6.81,130.9470725,60.36104348,142.0176234,1.102941176
4,최형우,KIA,140,600,522,185,28,93,115,70,101,0,0.396,0.354,0.433,0.59,1.023,0.441,6.74,142.9723864,79.09565217,157.8640572,0.693069307
5,터커,KIA,142,631,542,166,32,100,113,76,67,0,0.3,0.306,0.398,0.557,0.955,0.412,6.1,131.3801808,67.27008696,150.108193,1.134328358
6,나성범,NC,130,583,525,170,34,115,112,48,148,3,0.395,0.324,0.389,0.596,0.985,0.421,5.64,128.5457081,66.71547826,143.2521119,0.324324324
7,최정,SK,133,553,452,122,33,90,96,75,98,8,0.272,0.27,0.392,0.538,0.93,0.403,5.57,129.3518147,54.62678261,127.2249959,0.765306122
8,이정후,Hero,140,617,544,181,15,85,101,59,47,12,0.339,0.333,0.397,0.524,0.921,0.4,5.54,130.9501552,59.33930435,140.3394809,1.255319149
9,손아섭,롯데,141,611,540,190,11,98,85,61,56,5,0.373,0.352,0.415,0.493,0.908,0.402,5.44,136.7639835,59.82486957,140.0373621,1.089285714
10,강백호,KT,129,574,500,165,23,95,89,66,93,7,0.367,0.33,0.411,0.544,0.955,0.413,5.17,135.6079992,61.69252174,137.0476293,0.709677419
11,황재균,KT,134,600,541,169,21,108,97,47,98,11,0.347,0.312,0.37,0.512,0.882,0.385,5.02,122.0490797,49.87826087,128.6466659,0.479591837
12,로맥,SK,139,586,485,137,32,85,91,91,116,4,0.308,0.282,0.399,0.546,0.945,0.407,4.94,131.6745715,59.92486957,136.8553452,0.784482759
13,김현수,LG,142,619,547,181,22,98,119,63,53,0,0.332,0.331,0.397,0.523,0.92,0.398,4.87,130.9470725,58.45513043,139.7178683,1.188679245
14,박석민,NC,123,448,356,109,14,58,63,75,62,0,0.335,0.306,0.436,0.466,0.902,0.408,4.82,143.5750405,46.20243478,105.0161772,1.209677419
15,박민우,NC,126,530,467,161,8,82,63,36,48,13,0.364,0.345,0.402,0.478,0.88,0.391,4.72,132.449852,46.82434783,116.4031056,0.75
16,페르난데스,두산,144,668,586,199,21,104,105,58,42,0,0.333,0.34,0.404,0.497,0.901,0.397,4.58,133.1650204,62.50156522,150.1970562,1.380952381
17,알테어,NC,136,546,482,134,31,90,108,46,149,22,0.334,0.278,0.352,0.541,0.893,0.379,4.5,116.2290862,42.54052174,114.2197704,0.308724832
18,오지환,LG,141,591,527,158,10,95,71,45,116,20,0.365,0.3,0.362,0.461,0.823,0.365,4.19,119.2654712,38.85182609,116.4387051,0.387931034
19,김재환*,두산,140,614,516,137,30,82,113,91,154,6,0.317,0.266,0.373,0.494,0.867,0.378,3.9,122.9784909,47.30469565,127.9110302,0.590909091
20,홍창기,LG,135,507,408,114,5,87,39,83,87,11,0.342,0.279,0.411,0.417,0.828,0.383,3.86,135.2165072,41.2653913,107.8246936,0.954022989
21,라모스,LG,117,494,431,120,38,74,86,55,136,2,0.314,0.278,0.362,0.592,0.954,0.397,3.69,119.6692936,46.22121739,111.0738709,0.404411765
22,최주환,두산,140,574,509,156,16,63,88,47,66,2,0.32,0.306,0.366,0.473,0.839,0.366,3.63,120.6156602,38.2333913,113.5884988,0.712121212
23,나지완,KIA,137,556,468,136,17,73,92,64,114,0,0.347,0.291,0.392,0.444,0.836,0.377,3.45,129.062049,42.35269565,115.344751,0.561403509
24,오재일,두산,127,534,471,147,16,62,89,61,92,2,0.359,0.312,0.39,0.482,0.872,0.387,3.4,128.5225895,45.32034783,115.4242283,0.663043478
25,노진혁,NC,132,484,427,117,20,70,82,49,106,0,0.322,0.274,0.356,0.48,0.836,0.365,3.36,117.3542444,31.81773913,95.35758589,0.462264151
26,마차도,롯데,144,560,486,136,12,79,67,54,60,15,0.294,0.28,0.356,0.422,0.778,0.348,3.35,117.1754528,28.53565217,102.0528302,0.9
27,구자욱,삼성,118,510,446,137,15,70,78,51,91,19,0.355,0.307,0.385,0.478,0.863,0.381,3.28,126.868762,40.6226087,107.575753,0.56043956
28,허경민,두산,117,487,437,145,7,70,58,35,28,14,0.337,0.332,0.382,0.442,0.824,0.368,3.26,125.7728897,33.2853913,97.21908009,1.25
29,박건우,두산,129,551,487,148,14,103,70,42,65,8,0.323,0.304,0.369,0.472,0.841,0.371,3.23,121.5974758,39.09704348,111.4326955,0.646153846
30,배정대,KT,144,615,533,154,13,88,65,68,142,22,0.369,0.289,0.372,0.42,0.792,0.359,3.23,122.4220781,37.22086957,117.9584848,0.478873239
31,강민호,삼성,119,393,355,102,19,46,61,31,54,0,0.291,0.287,0.349,0.487,0.836,0.361,3.15,115.0777268,24.46852174,76.06182706,0.574074074
32,김상수,삼성,120,471,404,123,5,71,47,55,55,10,0.341,0.304,0.397,0.401,0.798,0.368,3.14,130.5709936,32.19182609,94.02502407,1
33,최재훈,한화,126,389,339,102,3,46,36,29,44,0,0.339,0.301,0.383,0.383,0.766,0.356,2.93,125.9193149,22.52817391,73.59635653,0.659090909
34,최원준,KIA,123,412,359,117,2,72,35,33,35,14,0.353,0.326,0.388,0.421,0.809,0.368,2.8,127.6779512,28.15930435,82.2469425,0.942857143
35,전준우,롯데,143,628,562,157,26,95,96,52,79,5,0.285,0.279,0.347,0.482,0.829,0.363,2.76,114.4057149,40.192,122.636264,0.658227848
36,한동희,롯데,135,531,461,128,17,62,67,57,97,0,0.317,0.278,0.361,0.436,0.797,0.357,2.74,118.8601064,31.21356522,100.9236037,0.587628866
37,박경수,KT,119,391,324,91,13,33,58,48,96,0,0.351,0.281,0.381,0.454,0.835,0.371,2.73,125.4815816,27.744,79.07474397,0.5
38,정훈,롯데,111,476,410,121,11,72,58,56,85,11,0.346,0.295,0.382,0.427,0.809,0.366,2.64,125.7266505,31.70573913,94.19534049,0.658823529
39,김선빈,KIA,85,351,303,100,1,42,37,40,43,1,0.375,0.33,0.406,0.403,0.809,0.373,2.55,133.5318535,25.51617391,71.59569088,0.930232558
40,이형종,LG,81,323,287,85,17,41,50,27,61,1,0.324,0.296,0.37,0.547,0.917,0.394,2.53,122.1569712,29.37895652,71.78261458,0.442622951
41,정수빈,두산,141,559,490,146,5,84,59,55,56,15,0.325,0.298,0.368,0.396,0.764,0.346,2.47,121.0348977,27.51252174,100.8984191,0.982142857
42,유강남,LG,137,478,429,112,16,51,75,32,84,1,0.29,0.261,0.33,0.415,0.745,0.331,2.31,108.6180898,17.29113043,80.04329314,0.380952381
43,서건창,Hero,135,595,484,134,5,79,52,91,58,24,0.299,0.277,0.39,0.386,0.776,0.359,2.3,128.2266586,36.01043478,114.1224365,1.568965517
44,장성우,KT,130,455,400,111,13,39,79,38,64,0,0.298,0.278,0.337,0.41,0.747,0.332,2.27,110.9007726,16.85478261,76.58748979,0.59375
45,김동엽,삼성,115,451,413,129,20,60,74,29,79,4,0.343,0.312,0.36,0.508,0.868,0.376,2.09,118.7537552,33.96226087,93.16984535,0.367088608
46,안치홍,롯데,124,460,412,118,8,49,54,35,47,14,0.306,0.286,0.351,0.413,0.764,0.343,2,115.5062122,21.44,81.82911055,0.744680851
47,권희동,NC,123,426,346,90,12,67,50,58,72,3,0.292,0.26,0.379,0.41,0.789,0.36,1.98,124.6893478,26.15269565,82.07826325,0.805555556
48,박동원,Hero,112,372,324,81,12,45,50,38,68,0,0.28,0.25,0.338,0.429,0.767,0.342,1.96,111.2876417,17.01495652,65.85136767,0.558823529
49,박준태,Hero,128,443,347,85,5,71,29,65,120,5,0.356,0.245,0.389,0.331,0.72,0.348,1.93,127.7288154,22.57373913,80.73107821,0.541666667
50,박해민,삼성,132,541,489,142,11,84,55,39,77,34,0.324,0.29,0.345,0.415,0.76,0.339,1.87,113.542581,23.33356522,94.35641046,0.506493506
51,김혜성,Hero,142,553,499,142,7,80,61,46,94,25,0.336,0.285,0.345,0.399,0.744,0.336,1.82,113.4932591,22.40852174,95.00673508,0.489361702
52,박세혁,두산,124,423,360,97,4,47,51,35,45,5,0.292,0.269,0.348,0.364,0.712,0.328,1.81,114.3702659,14.19808696,69.72981253,0.777777778
53,김재호,두산,120,458,402,116,2,48,39,45,45,6,0.317,0.289,0.362,0.346,0.708,0.329,1.71,118.9109705,15.77113043,75.89767964,1
54,이용규,한화,120,487,419,120,1,60,32,59,36,17,0.311,0.286,0.381,0.337,0.718,0.341,1.65,125.1209158,21.85147826,85.78516704,1.638888889
55,강진성,NC,121,432,395,122,12,53,70,20,46,9,0.322,0.309,0.352,0.463,0.815,0.359,1.61,115.9886423,26.1453913,82.85864296,0.434782609
56,살라디노,삼성,43,163,132,37,6,26,27,23,41,6,0.36,0.28,0.411,0.477,0.888,0.4,1.48,135.401464,15.67634783,37.07509787,0.56097561
59,한동민,SK,62,231,193,48,15,35,32,30,49,2,0.252,0.249,0.364,0.508,0.872,0.376,1.4,120.0669528,17.39530435,47.7211403,0.612244898
58,채은성,LG,109,464,416,122,15,59,88,32,69,0,0.316,0.293,0.351,0.452,0.803,0.353,1.4,115.6264341,25.66121739,86.57545065,0.463768116
57,조용호,KT,132,482,409,121,0,73,31,65,83,12,0.369,0.296,0.392,0.333,0.725,0.345,1.4,128.7198788,23.30365217,86.58093758,0.78313253
60,이명기,NC,136,540,477,146,2,82,45,50,78,12,0.359,0.306,0.374,0.369,0.743,0.344,1.28,122.9214636,25.63826087,96.52982543,0.641025641
61,이대호,롯데,144,611,542,158,20,67,110,53,68,1,0.297,0.292,0.354,0.452,0.806,0.349,1.27,116.6113324,31.66573913,111.8782316,0.779411765
62,오윤석,롯데,63,197,168,50,4,31,32,24,47,2,0.387,0.298,0.388,0.423,0.811,0.368,1.22,127.6841165,13.46452174,39.32681474,0.510638298
63,김준태,롯데,128,369,306,69,5,38,43,56,64,2,0.268,0.225,0.345,0.327,0.672,0.318,1.19,113.2713109,9.176869565,57.61943868,0.875
64,김호재,삼성,65,138,118,38,1,19,10,16,19,2,0.378,0.322,0.416,0.39,0.806,0.377,1.15,136.7747737,10.512,28.62873317,0.842105263
65,이지영,Hero,101,289,262,81,0,22,36,19,28,1,0.345,0.309,0.364,0.363,0.727,0.334,1.12,119.6199738,11.20817391,49.14828902,0.678571429
66,박병호,Hero,93,383,309,69,21,56,66,57,114,0,0.264,0.223,0.352,0.45,0.802,0.351,1.06,115.9485683,20.51547826,70.79597683,0.5
67,이병규,롯데,53,194,164,45,9,28,32,28,55,0,0.356,0.274,0.381,0.463,0.844,0.375,0.97,125.5093252,14.44034783,39.9087988,0.509090909
68,이원석,삼성,121,467,403,108,13,46,74,49,82,0,0.297,0.268,0.341,0.407,0.748,0.332,0.92,112.2047224,17.29930435,78.60737963,0.597560976
69,허정협,Hero,111,360,314,84,10,45,43,40,73,0,0.319,0.268,0.353,0.401,0.754,0.342,0.9,116.1258196,16.46608696,63.72713,0.547945205
70,채태인,SK,71,189,160,45,7,11,24,29,33,0,0.317,0.281,0.392,0.444,0.836,0.373,0.89,129.062049,13.73947826,38.55152586,0.878787879
71,정은원,한화,79,303,254,63,3,28,29,41,41,1,0.284,0.248,0.362,0.335,0.697,0.33,0.89,118.8770618,10.69721739,50.47526195,1
72,이창진,KIA,22,99,88,29,0,19,7,10,17,0,0.408,0.33,0.404,0.443,0.847,0.387,0.82,132.9985593,8.402086957,21.39887379,0.588235294
73,김형준,NC,44,82,72,22,3,12,11,10,21,0,0.396,0.306,0.39,0.444,0.834,0.375,0.75,128.4054502,6.103652174,16.86866753,0.476190476
74,반즈,한화,74,319,283,75,9,38,42,27,81,2,0.338,0.265,0.342,0.428,0.77,0.343,0.72,112.5977567,14.86817391,56.74670928,0.333333333
75,강태율,롯데,14,18,11,5,2,2,2,7,2,0,0.429,0.455,0.667,1,1.667,0.651,0.68,221.0583199,5.659826087,8.022878239,3.5
76,한승택,KIA,83,262,226,51,9,22,29,21,58,0,0.264,0.226,0.308,0.372,0.68,0.307,0.67,101.2629504,4.00973913,38.40527601,0.362068966
77,김태군,NC,80,131,113,33,1,16,18,6,14,0,0.323,0.292,0.347,0.372,0.719,0.329,0.66,114.0666274,4.510956522,21.70872496,0.428571429
78,김강민,SK,122,327,289,73,12,39,45,27,62,7,0.281,0.253,0.323,0.422,0.745,0.327,0.62,106.3415723,10.69147826,53.62025902,0.435483871
79,황대인,KIA,63,138,116,32,4,14,16,21,29,0,0.333,0.276,0.384,0.414,0.798,0.363,0.57,126.3431753,8.832,26.94873317,0.724137931
80,강한울,삼성,34,122,105,32,1,13,10,11,24,1,0.383,0.305,0.368,0.362,0.73,0.336,0.54,120.9300888,4.943652174,20.95989454,0.458333333
81,백용환,KIA,52,107,91,20,5,12,10,15,29,0,0.263,0.22,0.33,0.429,0.759,0.337,0.53,108.6612464,4.428869565,18.4759018,0.517241379
82,김민성,LG,87,333,297,79,5,29,47,24,67,2,0.323,0.266,0.325,0.384,0.709,0.317,0.5,106.8810317,7.992,51.70846481,0.358208955
83,김웅빈,Hero,73,235,207,57,8,25,31,17,65,1,0.358,0.275,0.335,0.454,0.789,0.344,0.49,110.3798088,11.1573913,42.00834996,0.261538462
84,김성현,SK,133,392,343,93,2,34,25,30,27,1,0.287,0.271,0.336,0.321,0.657,0.306,0.49,110.2981206,5.658434783,57.12045943,1.111111111
85,류지혁,두산,20,31,24,10,1,10,4,1,5,0,0.45,0.417,0.467,0.625,1.092,0.464,0.48,154.2424578,4.706608696,8.776309624,0.2
86,오태곤,SK,54,203,184,53,5,29,30,12,31,14,0.324,0.288,0.342,0.429,0.771,0.344,0.47,112.6008393,9.638086957,36.28806401,0.387096774
88,최항,SK,47,155,132,35,2,21,17,21,27,1,0.317,0.265,0.368,0.333,0.701,0.328,0.46,120.840693,5.202608696,25.55111334,0.777777778
87,이해창,한화,70,135,119,32,3,11,15,9,23,0,0.305,0.269,0.336,0.387,0.723,0.326,0.46,110.5015731,4.296521739,22.01941288,0.391304348
89,유한준,KT,119,428,386,108,11,48,64,40,51,0,0.299,0.28,0.347,0.409,0.756,0.339,0.42,114.1806841,18.45982609,74.64795504,0.784313725
91,나주환,KIA,64,222,204,57,6,21,32,12,44,0,0.329,0.279,0.321,0.392,0.713,0.318,0.38,105.592495,5.521043478,34.66535335,0.272727273
90,하주석,한화,72,281,262,75,2,22,26,13,66,4,0.372,0.286,0.323,0.351,0.674,0.306,0.38,106.1227067,4.056173913,40.94604362,0.196969697
92,최정원,NC,49,48,40,11,0,18,2,7,13,4,0.407,0.275,0.383,0.4,0.783,0.363,0.35,125.9717193,3.072,9.373472406,0.538461538
93,강경학,한화,94,238,193,44,4,25,19,35,64,1,0.313,0.228,0.35,0.337,0.687,0.323,0.34,114.9436341,6.95373913,38.19853981,0.546875
94,김민하,한화,36,85,74,21,1,10,11,8,16,0,0.351,0.284,0.369,0.405,0.774,0.355,0.33,121.3909406,4.848695652,16.00755304,0.5
95,최영진,삼성,58,118,101,30,1,15,11,13,16,2,0.341,0.297,0.385,0.356,0.741,0.347,0.32,126.4926831,5.91026087,21.40138053,0.8125
96,박승욱,KT,97,128,110,29,1,23,10,11,37,5,0.384,0.264,0.349,0.355,0.704,0.327,0.32,114.6708218,4.185043478,20.98896989,0.297297297
97,손호영,LG,22,31,30,11,0,9,3,1,6,5,0.458,0.367,0.387,0.433,0.82,0.371,0.29,127.3866432,2.199652174,6.269353103,0.166666667
98,김찬형,NC,56,72,64,19,0,10,7,4,11,3,0.352,0.297,0.343,0.391,0.734,0.333,0.29,112.8119994,2.72973913,12.18194774,0.363636364
99,김성민,SK,9,16,14,4,2,4,4,1,3,0,0.222,0.286,0.375,0.714,1.089,0.444,0.24,124.3132648,2.150956522,4.251447324,0.333333333
100,이흥련,두산,2,2,1,0,0,0,1,0,1,0,0,0,0,0,0,0,0.24,-1,-0.503304348,-0.240742998,0
101,모창민,NC,62,149,136,41,2,10,13,8,22,0,0.342,0.301,0.34,0.434,0.774,0.34,0.23,111.9596536,6.556,26.11682059,0.363636364
102,이홍구,KT,26,43,36,7,2,2,5,3,10,0,0.208,0.194,0.293,0.389,0.682,0.305,0.23,96.39086372,0.583304348,6.228373378,0.3
103,이유찬,두산,101,108,89,23,0,30,6,14,25,13,0.354,0.258,0.368,0.303,0.671,0.324,0.22,120.7482146,3.249391304,17.42770422,0.56
104,최용제,두산,28,49,44,13,0,9,9,4,8,0,0.361,0.295,0.354,0.341,0.695,0.322,0.2,116.2691622,1.389043478,7.821796559,0.5
105,허도환,KT,52,62,53,14,0,2,5,6,15,0,0.368,0.264,0.361,0.283,0.644,0.313,0.2,118.3884664,1.272347826,9.411749683,0.4
106,류지혁,KIA,5,20,18,6,0,3,1,0,1,1,0.353,0.333,0.4,0.389,0.789,0.369,0.18,131.5189005,1.384347826,4.009961328,0
107,김인태,두산,77,110,84,17,1,15,13,21,13,0,0.225,0.202,0.37,0.298,0.668,0.329,0.18,121.3894003,3.787826087,18.22870035,1.615384615
108,이재율,NC,25,10,9,4,0,9,3,1,1,4,0.5,0.444,0.5,0.556,1.056,0.476,0.17,164.8636379,1.622608696,2.935415447,1
109,이성곤,삼성,62,154,139,39,5,16,18,11,38,2,0.347,0.281,0.329,0.439,0.768,0.337,0.17,108.3637732,6.37426087,26.59148484,0.289473684
110,김은성,Hero,16,6,4,2,0,0,0,1,1,0,0.667,0.5,0.667,0.5,1.167,0.557,0.16,219.5170129,1.396173913,2.183857964,1
111,신민재,LG,67,32,26,8,0,26,5,4,4,8,0.364,0.308,0.4,0.346,0.746,0.354,0.16,131.3863481,1.797565217,5.998546821,1
112,문상철,KT,74,172,154,40,8,24,25,11,43,0,0.305,0.26,0.314,0.461,0.775,0.334,0.16,103.5070995,6.670608696,29.25088482,0.255813953
113,신성현,두산,9,7,4,1,0,2,0,3,3,0,1,0.25,0.571,0.5,1.071,0.504,0.14,188.0002696,1.30626087,2.225225595,1
114,송준석,삼성,32,50,47,13,1,5,7,2,6,0,0.3,0.277,0.32,0.447,0.767,0.339,0.13,105.4337394,2.156521739,8.720555495,0.333333333
115,임병욱,Hero,12,41,37,10,0,3,6,4,10,3,0.37,0.27,0.341,0.378,0.719,0.321,0.13,112.1153266,1.126608696,6.509116375,0.4
116,김민식,KIA,69,238,211,53,2,22,21,17,28,0,0.279,0.251,0.31,0.318,0.628,0.29,0.12,101.7530881,0.124173913,31.36897459,0.607142857
,,,95.46551724,344.0344828,299.0431034,87.63793103,9.887931034,47.60344828,3,34.92241379,55.20689655,4.853448276,0.338663793,0.290327586,0.373327586,0.438698276,0.812025862,0.363103448,2.024568966,,,,
117,장승현,두산,23,22,20,5,0,5,43,1,6,0,0.357,0.25,0.318,0.4,0.718,0.328,0.11,104.6322577,0.738434783,3.626609635,0.166666667
118,노시환,한화,106,387,346,76,12,46,11,33,116,0,0.292,0.22,0.298,0.387,0.685,0.305,0.11,98.02619554,5.24973913,56.0553604,0.284482759
120,김호령,KIA,89,159,138,32,4,36,16,14,55,3,0.35,0.232,0.314,0.384,0.698,0.314,0.1,103.2697382,3.401217391,24.27484473,0.254545455
119,이성우,LG,72,88,77,18,3,7,0,6,14,0,0.25,0.234,0.289,0.364,0.653,0.291,0.1,95.00060074,0.122434783,11.67513419,0.428571429
121,김성윤,삼성,9,9,7,2,0,1,2,1,1,0,0.333,0.286,0.444,0.429,0.873,0.414,0.09,146.0873791,0.975130435,2.156656511,1
122,지성준,롯데,3,11,8,2,0,0,28,3,4,0,0.5,0.25,0.455,0.25,0.705,0.368,0.09,149.1468846,0.751826087,2.195913513,0.75
123,이학주,삼성,64,243,206,47,4,30,9,26,58,6,0.289,0.228,0.314,0.34,0.654,0.298,0.09,103.1341032,1.817217391,33.71842144,0.448275862
125,백승현,LG,27,39,28,7,0,5,2,4,8,0,0.35,0.25,0.364,0.286,0.65,0.318,0.08,119.3826125,0.969913043,6.089859373,0.5
124,박정현,한화,30,64,61,17,1,6,8,3,17,0,0.372,0.279,0.313,0.377,0.69,0.309,0.08,102.9198605,1.090782609,9.492745816,0.176470588
126,박성한,SK,41,112,99,24,2,7,0,11,21,1,0.289,0.242,0.324,0.323,0.647,0.302,0.08,106.3646929,1.227130435,15.93056605,0.523809524
127,김기환,NC,4,2,2,1,0,1,36,0,0,0,0.5,0.5,0.5,1,1.5,0.646,0.07,166.2323186,0.620173913,0.882735263,#DIV/0!
128,이천웅,LG,89,359,312,80,3,44,0,35,44,8,0.284,0.256,0.333,0.333,0.666,0.309,0.07,109.3502137,6.118608696,53.24837106,0.795454545
129,임지열,Hero,1,1,1,1,0,1,48,0,0,0,1,1,1,1,2,0.907,0.06,330.3820231,0.537043478,0.668324153,#DIV/0!
130,전병우,Hero,119,402,359,85,8,46,2,37,100,7,0.306,0.237,0.311,0.357,0.668,0.304,0.06,102.2016094,5.103652174,57.87848357,0.37
131,신용수,롯데,5,8,7,3,0,2,6,1,0,1,0.429,0.429,0.5,0.429,0.929,0.433,0.05,164.472146,0.998956522,2.049201923,#DIV/0!
132,김주형,Hero,39,50,43,10,1,8,0,4,10,0,0.281,0.233,0.327,0.372,0.699,0.321,0.05,107.5006392,1.373913043,7.937946799,0.4
133,허관회,한화,1,2,2,1,0,0,1,0,1,0,1,0.5,0.5,0.5,1,0.454,0.04,164.6910116,0.28626087,0.54882222,0
134,최승준,한화,2,4,3,1,0,1,35,0,2,0,1,0.333,0.5,0.333,0.833,0.422,0.04,164.176215,0.461217391,0.986340092,0
136,김민수,롯데,3,10,8,2,0,1,0,2,4,1,0.5,0.25,0.4,0.25,0.65,0.331,0.04,131.0904171,0.36173913,1.674545882,0.5
135,박용택,LG,97,236,217,65,2,22,5,15,34,2,0.341,0.3,0.339,0.396,0.735,0.328,0.04,111.5142148,7.921391304,38.90363063,0.441176471
137,이진영,KIA,32,27,22,5,0,4,0,5,9,1,0.385,0.227,0.37,0.273,0.643,0.32,0.04,121.312335,0.718434783,4.263013011,0.555555556
138,김현민,한화,4,5,5,2,0,2,19,0,1,0,0.5,0.4,0.4,0.4,0.8,0.363,0.03,131.5528092,0.32,0.976403376,0
141,권정웅,삼성,3,2,1,0,0,0,31,1,0,0,0,0,0.5,0,0.5,0.373,0.02,163.1497045,0.145391304,0.407952655,#DIV/0!
139,정진호,한화,113,326,282,78,2,30,0,29,50,9,0.328,0.277,0.348,0.355,0.703,0.324,0.02,114.3425223,9.808347826,52.60584791,0.58
140,러셀,Hero,65,271,244,62,2,22,14,22,37,2,0.288,0.254,0.317,0.336,0.653,0.299,0.02,104.106671,2.26226087,37.83932383,0.594594595
144,박민,KIA,6,2,1,0,0,1,4,1,1,0,-,0,0.5,0,0.5,0.373,0.01,163.1497045,0.145391304,0.407952655,1
143,화이트,SK,9,30,22,3,1,3,0,6,1,0,0.1,0.136,0.367,0.318,0.685,0.337,0.01,120.4661544,1.24173913,5.180159384,6
142,오선우,KIA,59,73,67,16,4,11,2,3,26,0,0.324,0.239,0.301,0.418,0.719,0.315,0.01,99.1066548,1.625043478,11.20853276,0.115384615
145,김주찬,KIA,7,18,18,6,1,3,1,0,2,0,0.333,0.333,0.333,0.5,0.833,0.357,0,109.8650102,1.058086957,3.421139109,0
148,유민상,KIA,126,456,391,96,8,38,9,53,80,0,0.287,0.246,0.341,0.366,0.707,0.325,-0.01,112.0783352,14.11617391,73.98016177,0.6625
147,김재유,롯데,68,133,116,30,1,20,65,12,35,10,0.363,0.259,0.344,0.293,0.637,0.304,-0.01,112.8382026,1.688521739,19.14885153,0.342857143
149,서예일,두산,40,29,25,6,0,4,1,3,7,0,0.316,0.24,0.31,0.32,0.63,0.291,-0.01,101.7592533,0.040347826,3.847487404,0.428571429
146,박재욱,LG,15,17,15,4,0,0,0,0,4,0,0.364,0.267,0.313,0.267,0.58,0.276,-0.01,102.580773,-0.198086957,2.03368452,0
150,한석현,LG,9,3,2,0,0,3,0,1,1,1,0,0,0.333,0,0.333,0.249,-0.01,108.3237032,-0.105391304,0.288450721,1
151,전민수,LG,4,6,5,1,0,0,16,1,2,0,0.333,0.2,0.333,0.2,0.533,0.275,-0.02,108.940226,-0.075130435,0.712553616,0.5
152,변상권,Hero,35,64,62,17,1,7,0,1,20,0,0.381,0.274,0.281,0.403,0.684,0.298,-0.03,92.49442741,0.478608696,8.880571903,0.05
154,류효승,SK,8,9,8,1,1,2,2,1,4,0,0,0.125,0.222,0.5,0.722,0.292,-0.03,73.42377584,0.020347826,1.201873902,0.25
153,윤수강,NC,4,4,4,1,0,0,0,0,2,0,0.5,0.25,0.25,0.25,0.5,0.227,-0.03,81.84550578,-0.217043478,0.308079222,0
155,문찬종,Hero,5,1,1,0,0,0,0,0,0,0,0,0,0,0,0,0,-0.03,-1,-0.251652174,-0.120371499,#DIV/0!
156,이승민,두산,3,1,1,0,0,1,0,0,1,0,-,0,0,0,0,0,-0.03,-1,-0.251652174,-0.120371499,0
157,라이블리(타),삼성,1,1,1,0,0,0,0,0,0,0,0,0,0,0,0,0,-0.03,-1,-0.251652174,-0.120371499,#DIV/0!
158,김병휘,Hero,1,1,1,0,0,1,0,0,1,0,-,0,0,0,0,0,-0.03,-1,-0.251652174,-0.120371499,0
159,김진욱(타),한화,1,1,1,0,0,0,0,0,1,0,-,0,0,0,0,0,-0.03,-1,-0.251652174,-0.120371499,0
160,박시원,NC,1,1,1,0,0,0,2,0,0,0,0,0,0,0,0,0,-0.03,-1,-0.251652174,-0.120371499,#DIV/0!
164,정주후,KT,10,2,1,0,0,3,13,1,0,0,0,0,0.5,0,0.5,0.373,-0.04,163.1497045,0.145391304,0.407952655,#DIV/0!
162,양석환,LG,40,132,118,29,3,8,3,10,25,0,0.289,0.246,0.315,0.364,0.679,0.309,-0.04,103.5363854,2.24973913,19.57878825,0.4
161,유서준,SK,28,25,24,6,1,10,0,1,7,1,0.313,0.25,0.28,0.417,0.697,0.302,-0.04,92.2092846,0.273913043,3.555929921,0.142857143
163,강현우,KT,26,32,30,6,1,2,0,2,11,0,0.278,0.2,0.25,0.367,0.617,0.271,-0.04,82.20617162,-0.512,3.688981604,0.181818182
165,김호준,롯데,5,4,3,0,0,0,3,1,2,0,0,0,0.25,0,0.25,0.186,-0.04,81.07485227,-0.359652174,0.165470527,0.5
166,양찬열,두산,17,26,22,5,0,5,0,3,2,0,0.25,0.227,0.346,0.227,0.573,0.291,-0.06,113.2913489,0.036173913,3.449471466,1.5
167,백동훈,두산,27,19,16,3,0,5,1,1,4,0,0.25,0.188,0.316,0.25,0.566,0.285,-0.06,103.5132668,-0.072695652,2.421637175,0.25
168,도태훈,NC,11,13,11,2,0,0,0,2,3,0,0.25,0.182,0.308,0.182,0.49,0.254,-0.06,100.6772537,-0.400173913,1.306474863,0.666666667
169,문상인,KT,3,2,2,0,0,0,0,0,1,0,0,0,0,0,0,0,-0.06,-1,-0.503304348,-0.240742998,0
170,박준혁,KT,12,2,2,0,0,2,0,0,1,0,0,0,0,0,0,0,-0.07,-1,-0.503304348,-0.240742998,0
171,박지훈,두산,10,2,2,0,0,1,0,0,2,0,-,0,0,0,0,0,-0.07,-1,-0.503304348,-0.240742998,0
172,이호연,롯데,1,2,2,0,0,0,17,0,1,0,0,0,0,0,0,0,-0.07,-1,-0.503304348,-0.240742998,0
173,이원재,NC,73,146,132,34,4,15,27,11,26,1,0.291,0.258,0.313,0.417,0.73,0.318,-0.08,103.0431651,3.630956522,22.79793509,0.423076923
174,오재원,두산,85,174,155,36,5,25,9,16,49,10,0.301,0.232,0.301,0.387,0.688,0.306,-0.08,99.01109377,2.511652174,25.35448964,0.326530612
176,김문호,한화,18,52,46,10,2,6,5,5,11,0,0.242,0.217,0.308,0.37,0.678,0.306,-0.08,101.2567852,0.750608696,7.577203802,0.454545455
175,김도환,삼성,34,49,41,9,0,2,1,5,16,0,0.333,0.22,0.292,0.268,0.56,0.264,-0.08,95.68956801,-1.08226087,5.350492211,0.3125
177,강로한,롯데,16,26,21,4,0,6,2,4,6,2,0.267,0.19,0.346,0.19,0.536,0.284,-0.09,113.1772922,-0.122086957,3.291210597,0.666666667
178,김수환,Hero,9,12,11,2,0,1,0,1,5,0,0.333,0.182,0.25,0.273,0.523,0.245,-0.09,81.9164059,-0.463304348,1.112063754,0.2
179,이거연,SK,8,10,8,1,0,1,2,2,6,0,0.5,0.125,0.3,0.125,0.425,0.24,-0.09,97.87514948,-0.429565217,0.883241534,0.333333333
180,최정민,KIA,24,11,9,1,0,12,0,2,1,1,0.125,0.111,0.273,0.111,0.384,0.218,-0.09,88.96790883,-0.682956522,0.761130905,2
181,김재현,Hero,4,3,3,0,0,0,0,0,2,0,0,0,0,0,0,0,-0.09,-1,-0.754956522,-0.361114496,0
182,유영준,NC,4,3,3,0,0,0,0,0,0,0,0,0,0,0,0,0,-0.09,-1,-0.754956522,-0.361114496,#DIV/0!
184,김재현,삼성,35,18,14,2,0,4,4,3,3,0,0.182,0.143,0.294,0.143,0.437,0.238,-0.1,95.96084007,-0.804521739,1.558530413,1
183,문선재,KIA,15,6,6,1,0,1,0,0,2,0,0.25,0.167,0.167,0.167,0.334,0.151,-0.1,54.34079786,-0.722086957,0.065597094,0
185,김태훈,KT,2,3,3,0,0,0,0,0,1,0,0,0,0,0,0,0,-0.1,-1,-0.754956522,-0.361114496,0
186,양성우,한화,5,9,9,2,0,1,0,0,3,0,0.333,0.222,0.222,0.222,0.444,0.202,-0.11,72.56680913,-0.684,0.497526076,0
187,고장혁,KIA,7,13,13,3,0,0,0,0,5,0,0.375,0.231,0.231,0.231,0.462,0.209,-0.12,75.54924734,-0.908869565,0.797779211,0
188,오명진,두산,5,4,4,0,0,0,1,0,1,0,0,0,0,0,0,0,-0.12,-1,-1.006608696,-0.481485995,0
189,김회성,한화,15,25,18,3,0,1,0,3,6,0,0.231,0.167,0.304,0.222,0.526,0.266,-0.13,99.48736068,-0.508695652,2.773321226,0.5
190,이정훈,KIA,3,4,4,0,0,0,3,0,2,0,0,0,0,0,0,0,-0.13,-1,-1.006608696,-0.481485995,0
191,이홍구,SK,23,53,48,9,1,3,0,3,16,0,0.25,0.188,0.245,0.271,0.516,0.237,-0.14,80.26874363,-2.414956522,4.542919259,0.1875
192,김성표,삼성,15,8,8,1,0,1,1,0,2,1,0.167,0.125,0.125,0.125,0.25,0.113,-0.15,40.42275289,-1.227130435,-0.176885034,0
193,백승민,삼성,7,12,9,0,0,0,7,1,2,0,0,0,0.25,0,0.25,0.192,-0.16,81.07485227,-1.016347826,0.559020275,0.5
194,권민석,두산,55,57,50,13,0,6,19,3,15,1,0.351,0.26,0.291,0.3,0.591,0.269,-0.17,95.45991225,-1.011130435,6.471868047,0.2
195,이흥련,SK,47,130,124,30,3,6,1,6,28,0,0.29,0.242,0.277,0.323,0.6,0.269,-0.17,90.93462065,-2.306086957,14.76040081,0.214285714
196,박주홍,Hero,13,25,24,6,0,0,6,1,10,0,0.429,0.25,0.28,0.333,0.613,0.278,-0.18,91.95034502,-0.247826087,3.034190791,0.1
197,장준원,LG,46,68,60,13,1,10,1,6,7,0,0.226,0.217,0.284,0.317,0.601,0.275,-0.18,93.21422083,-0.851478261,8.075607647,0.857142857
198,이도윤,한화,14,25,24,5,0,3,5,1,6,0,0.278,0.208,0.24,0.25,0.49,0.227,-0.18,78.56251169,-1.356521739,1.925495139,0.166666667
199,노수광,SK,29,83,75,20,1,13,12,7,16,2,0.328,0.267,0.329,0.387,0.716,0.323,-0.19,108.2034772,2.425043478,13.32133951,0.4375
201,김준완,NC,45,75,65,14,1,8,5,10,9,0,0.236,0.215,0.32,0.277,0.597,0.287,-0.19,104.909695,-0.156521739,9.689528895,1.111111111
200,신본기,롯데,81,123,106,23,2,18,0,14,22,1,0.253,0.217,0.311,0.283,0.594,0.282,-0.19,101.973496,-0.791478261,15.35604478,0.636363636
202,최재원,LG,6,6,6,0,0,0,1,0,4,0,0,0,0,0,0,0,-0.19,-1,-1.509913043,-0.722228993,0
203,김민수,삼성,17,26,23,4,0,3,2,2,6,0,0.235,0.174,0.24,0.174,0.414,0.205,-0.2,78.32823302,-1.908173913,1.50512364,0.333333333
205,지석훈,NC,87,142,121,25,1,22,12,15,33,1,0.27,0.207,0.3,0.298,0.598,0.282,-0.21,98.40844171,-0.91373913,17.72811674,0.454545455
206,김창평,SK,35,90,78,15,0,10,7,11,16,7,0.238,0.192,0.289,0.269,0.558,0.267,-0.21,94.7077524,-1.753043478,10.06221728,0.6875
204,조한민,한화,25,52,50,11,0,7,0,0,22,0,0.393,0.22,0.25,0.3,0.55,0.252,-0.21,81.99963648,-1.691130435,5.135464671,0
208,김영환,KIA,4,8,7,0,0,0,0,1,2,1,0,0,0.125,0,0.125,0.093,-0.21,40.03742613,-1.36626087,-0.316015469,0.5
207,김민준,SK,12,5,4,0,0,4,1,0,1,1,0,0,0,0,0,0,-0.21,-1,-1.25826087,-0.601857494,0
209,박한결,한화,13,24,20,3,0,5,3,2,8,0,0.25,0.15,0.227,0.15,0.377,0.191,-0.24,73.98635797,-2.053565217,1.097170985,0.25
211,김호은,LG,69,112,103,25,2,12,11,7,14,0,0.264,0.243,0.304,0.35,0.654,0.298,-0.25,99.88193527,0.837565217,15.54100083,0.5
210,안권수,두산,68,41,37,10,0,10,2,2,5,2,0.303,0.27,0.3,0.27,0.57,0.264,-0.25,98.32212851,-0.905565217,4.476942462,0.4
213,주효상,Hero,63,101,84,16,0,6,7,13,26,0,0.271,0.19,0.296,0.238,0.534,0.263,-0.25,96.91028723,-2.318608696,10.94073949,0.5
214,정기훈,한화,29,36,31,5,0,9,2,3,15,0,0.313,0.161,0.278,0.226,0.504,0.253,-0.25,90.9639065,-1.139478261,3.586626043,0.2
212,박상언,한화,38,47,46,10,0,4,0,0,16,0,0.333,0.217,0.234,0.283,0.517,0.234,-0.25,76.6944415,-2.264173913,3.906017817,0
215,서호철,NC,2,8,8,0,0,0,8,0,2,0,0,0,0,0,0,0,-0.25,-1,-2.013217391,-0.96297199,0
216,박찬도,삼성,51,116,96,21,1,20,0,15,22,5,0.267,0.219,0.325,0.302,0.627,0.294,-0.26,106.6282574,0.464,15.69255831,0.681818182
217,송우현,Hero,14,15,12,0,0,3,18,2,4,0,0,0,0.2,0,0.2,0.151,-0.26,64.65988181,-1.805217391,0.163992735,0.5
218,오준혁,SK,70,161,148,40,3,19,4,11,34,0,0.33,0.27,0.323,0.378,0.701,0.313,-0.27,106.2059372,3.304,24.44018869,0.323529412
219,장운호,한화,24,29,27,4,1,5,0,2,9,0,0.176,0.148,0.207,0.296,0.503,0.224,-0.27,67.87043144,-1.649217391,2.157922187,0.222222222
220,김재현,SK,8,14,14,2,0,3,0,0,4,0,0.2,0.143,0.143,0.143,0.286,0.13,-0.27,46.38762931,-1.940521739,-0.102592287,0
221,배성근,롯데,4,7,7,0,0,0,5,0,2,0,0,0,0,0,0,0,-0.27,-1,-1.761565217,-0.842600492,0
223,송민섭,KT,113,51,41,8,1,21,5,5,13,4,0.25,0.195,0.292,0.341,0.633,0.288,-0.28,95.91459884,-0.062086957,6.633227474,0.384615385
222,김응민,삼성,45,85,76,17,0,7,2,5,22,0,0.315,0.224,0.28,0.237,0.517,0.248,-0.28,91.65441407,-3.06,8.098857385,0.227272727
224,박정음,Hero,86,47,43,8,0,20,4,2,14,9,0.276,0.186,0.255,0.233,0.488,0.234,-0.28,83.43459839,-2.264173913,3.906017817,0.142857143
225,김지수,한화,14,26,25,4,1,2,5,1,7,0,0.176,0.16,0.192,0.28,0.472,0.206,-0.28,62.89661848,-1.885565217,1.527732336,0.142857143
226,황윤호,KIA,25,73,70,17,0,5,1,3,10,2,0.283,0.243,0.274,0.286,0.56,0.258,-0.29,89.8356657,-1.993217391,7.590271892,0.3
227,장진혁,한화,19,37,32,5,0,2,0,5,6,2,0.192,0.156,0.27,0.219,0.489,0.242,-0.29,88.31593292,-1.525043478,3.332341501,0.833333333
228,추재현,롯데,13,28,24,3,0,3,4,4,8,0,0.188,0.125,0.25,0.125,0.375,0.204,-0.29,81.46017902,-2.079304348,1.596554555,0.5
229,조수행,두산,44,40,38,10,0,12,0,2,6,3,0.313,0.263,0.3,0.263,0.563,0.264,-0.31,98.30055022,-0.883478261,4.367748744,0.333333333
230,김영환,KT,10,10,9,0,0,0,2,0,3,0,0,0,0,0,0,0,-0.31,-1,-2.516521739,-1.203714988,0
231,김병희,KT,29,22,21,3,1,4,3,0,7,0,0.143,0.143,0.136,0.286,0.422,0.168,-0.32,44.53034725,-2.322434783,0.56574007,0
232,박준영,NC,32,51,46,7,0,4,30,2,17,1,0.241,0.152,0.235,0.239,0.474,0.23,-0.33,76.88710589,-2.63426087,4.061053561,0.117647059
233,정주현,LG,134,371,328,81,4,50,0,29,63,8,0.293,0.247,0.312,0.338,0.65,0.298,-0.34,102.4713392,2.774434783,51.47956525,0.46031746
234,채현우,SK,16,24,23,3,0,2,12,1,8,3,0.2,0.13,0.167,0.174,0.341,0.16,-0.34,54.36237616,-2.700521739,0.450214464,0.125
235,김용의,LG,101,75,70,19,1,28,3,3,15,7,0.327,0.271,0.297,0.357,0.654,0.291,-0.35,97.60541771,0.104347826,9.95039846,0.2
236,이우성,KIA,48,67,59,12,0,5,14,6,11,1,0.25,0.203,0.299,0.22,0.519,0.258,-0.35,97.8396984,-1.829391304,6.966413929,0.545454545
237,최준우,SK,66,207,182,43,3,23,14,19,28,1,0.263,0.236,0.307,0.308,0.615,0.285,-0.36,100.7373637,-0.792,26.38309975,0.678571429
238,정근우,LG,72,177,154,37,1,23,7,17,23,7,0.275,0.24,0.322,0.286,0.608,0.287,-0.37,105.5940373,-0.369391304,22.86728819,0.739130435
239,이택근,Hero,20,64,57,11,0,5,0,7,21,0,0.306,0.193,0.281,0.281,0.562,0.267,-0.37,92.1183485,-1.246608696,7.155354512,0.333333333
240,양우현,삼성,7,24,23,3,0,0,5,1,5,0,0.167,0.13,0.167,0.13,0.297,0.144,-0.38,54.22674114,-3.034434783,0.11630142,0.2
241,김동한,롯데,82,73,68,15,0,23,1,5,8,10,0.25,0.221,0.274,0.294,0.568,0.264,-0.39,89.86032662,-1.612347826,7.971141457,0.625
242,천성호,KT,66,77,69,14,0,9,2,7,15,1,0.259,0.203,0.286,0.246,0.532,0.258,-0.4,93.65195405,-2.102434783,8.006177201,0.466666667
243,장영석,KIA,11,37,31,4,0,1,16,4,7,0,0.16,0.129,0.243,0.129,0.372,0.2,-0.41,79.17441362,-2.876347826,1.981037153,0.571428571
244,노수광,한화,71,247,216,53,0,26,5,27,48,9,0.314,0.245,0.333,0.292,0.625,0.295,-0.42,109.2238265,1.202782609,33.62910936,0.5625
245,오태곤,KT,40,55,50,11,0,7,17,1,16,1,0.324,0.22,0.291,0.28,0.571,0.272,-0.43,95.39825997,-0.832173913,6.388263218,0.0625
246,국해성,두산,46,94,86,20,3,10,26,6,21,1,0.27,0.233,0.287,0.349,0.636,0.274,-0.44,94.29776271,-1.258782609,11.08160085,0.285714286
247,김성욱,NC,104,226,195,43,8,32,7,18,40,12,0.235,0.221,0.297,0.374,0.671,0.3,-0.45,97.65782215,2.083130435,31.75256301,0.45
248,홍종표,KIA,40,88,80,20,0,7,5,4,13,0,0.294,0.25,0.282,0.288,0.57,0.262,-0.46,92.4682262,-2.096695652,9.456003758,0.307692308
249,최정용,KIA,38,59,56,11,1,5,0,2,15,0,0.25,0.196,0.224,0.268,0.492,0.221,-0.48,73.3652082,-3.509217391,4.236342441,0.133333333
250,이재원,LG,16,22,20,1,0,1,1,2,11,0,0.111,0.05,0.136,0.05,0.186,0.109,-0.48,43.80285034,-3.451130435,-0.562955582,0.181818182
251,홍현빈,KT,40,24,18,0,0,5,25,5,5,0,0,0,0.217,0,0.217,0.136,-0.5,70.24097177,-3.201391304,-0.050655102,1
252,김민혁,KT,108,249,222,53,5,35,6,22,42,8,0.273,0.239,0.312,0.347,0.659,0.301,-0.51,102.4990827,2.511652174,35.20054028,0.523809524
253,김태진,NC,37,88,83,18,1,10,9,4,22,2,0.283,0.217,0.253,0.289,0.542,0.246,-0.52,82.95062595,-3.321043478,8.231655932,0.181818182
254,김경호,SK,56,110,105,30,0,17,17,3,16,1,0.333,0.286,0.303,0.333,0.636,0.287,-0.53,99.50123143,-0.229565217,14.21130905,0.1875
256,임종찬,한화,52,119,108,25,1,5,12,9,38,0,0.348,0.231,0.297,0.306,0.603,0.28,-0.53,97.44820439,-0.972695652,14.64970469,0.236842105
255,오선진,한화,93,222,197,46,2,17,6,16,39,0,0.282,0.234,0.301,0.284,0.585,0.275,-0.53,98.69358452,-2.779826087,26.36448379,0.41025641
257,노태형,한화,55,113,102,22,0,14,26,7,31,0,0.31,0.216,0.286,0.275,0.561,0.266,-0.54,93.74134986,-2.299304348,12.53541194,0.225806452
258,고종욱,SK,92,288,272,77,3,24,0,14,55,1,0.344,0.283,0.319,0.371,0.69,0.311,-0.56,104.8711613,5.409391304,43.21822574,0.254545455
259,유장혁,한화,30,46,42,7,0,3,15,4,18,0,0.292,0.167,0.239,0.19,0.429,0.211,-0.56,78.04925544,-3.136,2.902911055,0.222222222
260,정진기,SK,50,140,126,30,2,14,11,7,34,7,0.304,0.238,0.279,0.333,0.612,0.271,-0.58,91.62204561,-2.24,16.13929452,0.205882353
261,남태혁,SK,35,72,66,13,1,3,30,6,22,0,0.279,0.197,0.264,0.258,0.522,0.245,-0.6,86.46635842,-2.779826087,6.672382521,0.272727273
262,최진행*,한화,84,240,214,50,8,23,12,19,59,0,0.28,0.234,0.304,0.369,0.673,0.302,-0.61,99.94050494,2.629565217,34.13692725,0.322033898
263,윤석민,SK,34,76,73,14,3,4,3,2,12,0,0.186,0.192,0.211,0.342,0.553,0.235,-0.61,69.32542932,-3.595130435,6.382200874,0.166666667
264,모터,Hero,10,37,35,4,1,4,27,1,10,0,0.12,0.114,0.135,0.2,0.335,0.145,-0.61,43.93694303,-4.645913043,0.211471936,0.1
265,최지훈,SK,127,520,466,120,1,66,7,38,80,18,0.307,0.258,0.318,0.326,0.644,0.299,-0.63,104.4041443,4.340869565,72.60682063,0.475
266,이현석,SK,57,109,101,18,2,7,9,4,30,1,0.232,0.178,0.224,0.257,0.481,0.221,-0.65,73.33129944,-6.483130435,7.826463153,0.133333333
267,강민국,KT,81,120,107,24,0,16,14,7,20,0,0.276,0.224,0.272,0.252,0.524,0.247,-0.67,89.07425801,-4.424347826,11.32933319,0.35
268,박승규,삼성,91,196,182,47,1,24,13,7,32,4,0.309,0.258,0.297,0.335,0.632,0.289,-0.69,97.5376002,-0.068173913,25.66283841,0.21875
269,김지찬,삼성,135,287,254,59,1,47,6,24,44,21,0.275,0.232,0.301,0.272,0.573,0.272,-0.69,98.65659315,-4.342434783,33.33511898,0.545454545
270,허일,롯데,60,95,84,15,1,5,7,8,29,0,0.259,0.179,0.258,0.262,0.52,0.246,-0.71,84.50889242,-3.585217391,8.886446745,0.275862069
271,구본혁,LG,125,98,86,14,1,20,1,7,18,0,0.194,0.163,0.242,0.221,0.463,0.223,-0.72,79.1297147,-5.658434783,7.207071379,0.388888889
272,이동훈,한화,37,38,37,4,0,5,6,0,14,0,0.174,0.108,0.132,0.108,0.24,0.116,-0.76,42.66844431,-5.72973913,-0.741073476,0
273,김규민,Hero,54,111,101,21,1,13,43,5,24,1,0.26,0.208,0.25,0.277,0.527,0.241,-0.86,81.92873636,-4.671652174,9.900502764,0.208333333
274,송광민,한화,94,298,277,65,9,31,17,14,69,0,0.277,0.235,0.276,0.375,0.651,0.285,-0.87,90.76661717,-1.140173913,37.98146727,0.202898551
275,김태진,KIA,45,192,180,44,0,18,14,9,23,5,0.278,0.244,0.283,0.267,0.55,0.256,-0.89,92.73179072,-5.576347826,19.6295418,0.391304348
276,호잉,한화,34,134,124,24,4,12,8,9,34,5,0.233,0.194,0.254,0.323,0.577,0.259,-0.9,83.38373424,-3.54226087,14.0493496,0.264705882
277,정상호,두산,42,92,86,14,0,3,4,2,29,0,0.241,0.163,0.18,0.233,0.413,0.185,-0.91,58.81214271,-8.352,3.725822111,0.068965517
278,정현,SK,89,128,112,17,2,14,23,11,34,0,0.197,0.152,0.24,0.241,0.481,0.229,-0.92,78.53476816,-6.722782609,10.08114381,0.323529412
279,팔카,삼성,51,217,196,41,8,17,34,18,58,2,0.248,0.209,0.272,0.367,0.639,0.282,-0.97,89.42875862,-1.396347826,27.09155867,0.310344828
280,김헌곤,삼성,97,283,254,63,3,26,29,22,31,7,0.269,0.248,0.312,0.311,0.623,0.289,-0.99,102.3881086,-0.098434783,37.05399628,0.709677419
281,김태균,한화,67,254,219,48,2,14,21,30,42,0,0.26,0.219,0.316,0.297,0.613,0.286,-1.07,103.6581496,-0.750956522,32.59433496,0.714285714
282,이재원,SK,80,251,222,41,2,18,51,19,24,0,0.198,0.185,0.266,0.248,0.514,0.24,-1.12,87.0921311,-10.78208696,22.1693625,0.791666667
283,심우준,KT,144,535,476,112,3,58,4,37,98,35,0.288,0.235,0.291,0.3,0.591,0.273,-1.14,95.45991225,-7.629565217,62.60559597,0.37755102
284,이상호,NC,82,65,61,8,0,18,8,3,5,6,0.143,0.131,0.172,0.148,0.32,0.154,-1.19,55.92372524,-7.653043478,0.880200404,0.6
287,이성규,삼성,98,245,216,39,10,25,16,18,64,3,0.201,0.181,0.257,0.361,0.618,0.273,-1.22,84.4857718,-3.493913043,28.66985236,0.28125
288,김규성,KIA,102,182,157,28,3,21,30,13,40,2,0.217,0.178,0.244,0.261,0.505,0.234,-1.22,79.90961808,-8.767652174,15.1254307,0.325
286,박계범,삼성,80,175,164,32,3,21,11,7,42,3,0.242,0.195,0.227,0.293,0.52,0.232,-1.22,74.42717178,-8.734782609,14.23933554,0.166666667
285,최인호,한화,47,135,127,30,0,8,20,4,34,0,0.316,0.236,0.261,0.236,0.497,0.231,-1.22,85.41364268,-6.855652174,10.86723897,0.117647059
289,정의윤,SK,76,203,187,45,1,13,5,12,38,0,0.291,0.241,0.286,0.294,0.58,0.264,-1.27,93.79991952,-4.483652174,22.16632487,0.315789474
290,정보근,롯데,85,152,133,20,0,9,23,11,32,0,0.196,0.15,0.219,0.165,0.384,0.191,-1.36,71.4062019,-13.00591304,6.948749574,0.34375
291,민병헌,롯데,109,342,309,72,2,42,34,21,62,10,0.283,0.233,0.291,0.291,0.582,0.27,-1.37,95.43216873,-5.769391304,39.12859959,0.338709677
292,이성열,한화,79,248,227,46,8,23,36,16,69,1,0.253,0.203,0.27,0.33,0.6,0.271,-1.58,88.65810309,-3.968,28.58960743,0.231884058
293,박찬호,KIA,141,531,480,107,3,63,,36,87,15,0.265,0.223,0.276,0.275,0.551,0.256,-2.18,90.45835577,-15.42208696,54.28795153,0.413793103
,,,,,49476.0431,,,7420.603448,,,,,,,,,,0.289724842,,,,,
